Time (%),Total Time (ns),Instances,Avg (ns),Med (ns),Min (ns),Max (ns),StdDev (ns),Name
12.8,73969409,10578,6992.8,5344.0,4063,11264,2213.6,"void mul_mat_vec_q<(ggml_type)2, (int)1, (bool)0, (bool)0>(const void *, const void *, const int *, ggml_cuda_mm_fusion_args_device, float *, unsigned int, uint3, unsigned int, unsigned int, unsigned int, uint3, unsigned int, unsigned int, unsigned int, uint3, unsigned int, unsigned int, unsigned int, unsigned int)"
11.8,68089960,37539,1813.8,1280.0,800,7744,1202.5,"quantize_q8_1(const float *, void *, long, long, long, long, long, unsigned int, uint3)"
10.9,63237599,6450,9804.3,9696.0,4576,12256,630.8,"void mul_mat_vec_q<(ggml_type)2, (int)1, (bool)1, (bool)0>(const void *, const void *, const int *, ggml_cuda_mm_fusion_args_device, float *, unsigned int, uint3, unsigned int, unsigned int, unsigned int, uint3, unsigned int, unsigned int, unsigned int, uint3, unsigned int, unsigned int, unsigned int, unsigned int)"
7.8,45200033,18060,2502.8,1984.0,1311,5248,1240.9,"void mul_mat_vec_f<float, float, (int)1, (int)256, (bool)0, (bool)0>(const T1 *, const float *, const int *, ggml_cuda_mm_fusion_args_device, float *, int, uint3, int, int, int, uint3, int, int, int, uint3, int, int, int, int)"
6.8,39191712,645,60762.3,11968.0,9600,258112,97884.5,"void mul_mat_vec_q<(ggml_type)14, (int)1, (bool)0, (bool)0>(const void *, const void *, const int *, ggml_cuda_mm_fusion_args_device, float *, unsigned int, uint3, unsigned int, unsigned int, unsigned int, uint3, unsigned int, unsigned int, unsigned int, uint3, unsigned int, unsigned int, unsigned int, unsigned int)"
4.8,27737862,10449,2654.6,2656.0,2240,3328,109.6,"void rms_norm_f32<(int)1024, (bool)1, (bool)0>(const float *, float *, int, long, long, long, float, const float *, long, long, long, uint3, uint3, uint3, uint3, const float *, long, long, long, uint3, uint3, uint3, uint3)"
3.8,21790821,4515,4826.3,4800.0,4416,5633,200.7,"void mul_mat_vec_q<(ggml_type)2, (int)1, (bool)0, (bool)1>(const void *, const void *, const int *, ggml_cuda_mm_fusion_args_device, float *, unsigned int, uint3, unsigned int, unsigned int, unsigned int, uint3, unsigned int, unsigned int, unsigned int, uint3, unsigned int, unsigned int, unsigned int, unsigned int)"
3.5,20394855,4386,4650.0,2848.0,2144,8352,2321.3,"void mul_mat_vec_q<(ggml_type)8, (int)1, (bool)0, (bool)0>(const void *, const void *, const int *, ggml_cuda_mm_fusion_args_device, float *, unsigned int, uint3, unsigned int, unsigned int, unsigned int, uint3, unsigned int, unsigned int, unsigned int, uint3, unsigned int, unsigned int, unsigned int, unsigned int)"
3.0,17426374,7740,2251.5,1856.0,1024,4704,948.1,"void l2_norm_f32<(int)32>(const float *, float *, int, long, long, long, float)"
2.8,16270252,5160,3153.1,3136.0,3008,3905,68.1,"void topk_moe_cuda<(int)256, (bool)0>(const float *, float *, int *, float *, int, int, float, float, topk_moe_config)"
2.5,14472199,5160,2804.7,1472.0,1248,7680,2294.6,"void cpy_scalar<&cpy_1_scalar<float, float>>(const char *, char *, long, long, long, long, long, long, long, long, long, long, long, long, long, long, long)"
2.1,12331018,3999,3083.5,3136.0,1088,4384,340.8,"void k_get_rows_float<float, float>(const T1 *, const int *, T2 *, long, long, uint3, unsigned long, unsigned long, unsigned long, unsigned long, unsigned long, unsigned long, unsigned long, unsigned long, unsigned long)"
2.1,12204957,10320,1182.7,1120.0,928,1664,119.9,"void k_bin_bcast<&op_mul, float, float, float, const float *>(const T2 *, const T3 *, T4 *, unsigned int, unsigned int, unsigned int, uint3, uint3, uint3, uint3, uint3, unsigned int, unsigned int, unsigned int, unsigned int, unsigned int, unsigned int, unsigned int, unsigned int, unsigned int, unsigned int, unsigned int, T5...)"
2.1,12150790,3870,3139.7,3104.0,1600,4096,225.9,"void k_get_rows_float_vec<float>(const T1 *, const int *, T1 *, long, long, uint3, unsigned long, unsigned long, unsigned long, unsigned long, unsigned long, unsigned long, unsigned long, unsigned long, unsigned long)"
2.1,11919238,3870,3079.9,3072.0,1120,4064,313.6,"void ssm_conv_f32<(bool)1, (unsigned long)128, (unsigned long)4>(const float *, const float *, const float *, int, int, int, int, float *, int, int, int, long)"
1.8,10216645,7740,1320.0,1376.0,928,2016,220.3,"void k_bin_bcast<&op_add, float, float, float, const float *>(const T2 *, const T3 *, T4 *, unsigned int, unsigned int, unsigned int, uint3, uint3, uint3, uint3, uint3, unsigned int, unsigned int, unsigned int, unsigned int, unsigned int, unsigned int, unsigned int, unsigned int, unsigned int, unsigned int, unsigned int, T5...)"
1.7,9877479,6450,1531.4,1536.0,1280,2368,78.7,"void rms_norm_f32<(int)256, (bool)1, (bool)0>(const float *, float *, int, long, long, long, float, const float *, long, long, long, uint3, uint3, uint3, uint3, const float *, long, long, long, uint3, uint3, uint3, uint3)"
1.7,9707453,2580,3762.6,3744.0,2880,4608,188.3,"void mul_mat_vec_q<(ggml_type)8, (int)1, (bool)1, (bool)0>(const void *, const void *, const int *, ggml_cuda_mm_fusion_args_device, float *, unsigned int, uint3, unsigned int, unsigned int, unsigned int, uint3, unsigned int, unsigned int, unsigned int, uint3, unsigned int, unsigned int, unsigned int, unsigned int)"
1.6,9125176,1290,7073.8,7072.0,6624,7936,170.5,"void flash_attn_ext_vec<(int)256, (int)1, (ggml_type)1, (ggml_type)1, (bool)0>(const char *, const char *, const char *, const char *, const char *, const int *, float *, float2 *, float, float, float, float, unsigned int, float, int, uint3, int, int, int, int, int, int, int, int, int, int, int, long, int, int, long, int, int, int, int, int, long)"
1.5,8463928,1290,6561.2,6625.0,896,7552,691.2,"void unary_gated_op_kernel<&op_sigmoid, float>(const T2 *, const T2 *, T2 *, long, long, long, long)"
1.4,8165947,2580,3165.1,3168.0,2432,3840,157.2,"void mul_mat_vec_q<(ggml_type)6, (int)1, (bool)1, (bool)0>(const void *, const void *, const int *, ggml_cuda_mm_fusion_args_device, float *, unsigned int, uint3, unsigned int, unsigned int, unsigned int, uint3, unsigned int, unsigned int, unsigned int, uint3, unsigned int, unsigned int, unsigned int, unsigned int)"
1.4,7973848,9030,883.0,864.0,672,1344,50.2,"void unary_op_kernel<&op_sigmoid, float>(const T2 *, T2 *, int)"
1.3,7813243,3870,2018.9,2016.0,1728,2688,76.0,"void gated_delta_net_cuda<(int)128, (bool)0, (bool)0>(const float *, const float *, const float *, const float *, const float *, const float *, float *, float *, long, long, long, long, long, long, long, long, long, long, long, long, uint3, uint3, float, long, int)"
1.2,6762351,5160,1310.5,1312.0,1056,1792,67.1,"void k_bin_bcast<&op_add, float, float, float, const float *, const float *, const float *, const float *, const float *, const float *, const float *>(const T2 *, const T3 *, T4 *, unsigned int, unsigned int, unsigned int, uint3, uint3, uint3, uint3, uint3, unsigned int, unsigned int, unsigned int, unsigned int, unsigned int, unsigned int, unsigned int, unsigned int, unsigned int, unsigned int, unsigned int, T5...)"
1.1,6588949,5160,1276.9,1216.0,992,1792,118.4,"void k_bin_bcast<&op_add, float, float, float, const float *, const float *>(const T2 *, const T3 *, T4 *, unsigned int, unsigned int, unsigned int, uint3, uint3, uint3, uint3, uint3, unsigned int, unsigned int, unsigned int, unsigned int, unsigned int, unsigned int, unsigned int, unsigned int, unsigned int, unsigned int, unsigned int, T5...)"
1.0,6076565,2580,2355.3,2336.0,1920,2912,131.4,"void mul_mat_vec_q<(ggml_type)8, (int)1, (bool)0, (bool)1>(const void *, const void *, const int *, ggml_cuda_mm_fusion_args_device, float *, unsigned int, uint3, unsigned int, unsigned int, unsigned int, uint3, unsigned int, unsigned int, unsigned int, uint3, unsigned int, unsigned int, unsigned int, unsigned int)"
1.0,5852573,3870,1512.3,1504.0,896,1888,94.5,"void unary_gated_op_kernel<&op_softplus, float>(const T2 *, const T2 *, T2 *, long, long, long, long)"
0.9,5412116,2580,2097.7,2080.0,1696,2656,109.2,"void mul_mat_vec_q<(ggml_type)6, (int)1, (bool)0, (bool)1>(const void *, const void *, const int *, ggml_cuda_mm_fusion_args_device, float *, unsigned int, uint3, unsigned int, unsigned int, unsigned int, uint3, unsigned int, unsigned int, unsigned int, uint3, unsigned int, unsigned int, unsigned int, unsigned int)"
0.8,4918347,3870,1270.9,1280.0,960,1632,73.6,"void concat_cont<unsigned int, (int)0>(const T1 *, const T1 *, T1 *, long, long, long, long, long, long)"
0.8,4868760,2580,1887.1,1856.0,1056,2624,151.5,"void rope_multi<(bool)1, (bool)0, float>(const T3 *, T3 *, int, int, int, int, int, int, int, int, int, int, const int *, float, float, float, rope_corr_dims, float, const float *, mrope_sections, bool)"
0.7,4141898,3870,1070.3,1056.0,800,1696,81.9,"void unary_gated_op_kernel<&op_silu, float>(const T2 *, const T2 *, T2 *, long, long, long, long)"
0.6,3296742,645,5111.2,5088.0,4352,5983,223.1,"void mul_mat_vec_q<(ggml_type)3, (int)1, (bool)0, (bool)1>(const void *, const void *, const int *, ggml_cuda_mm_fusion_args_device, float *, unsigned int, uint3, unsigned int, unsigned int, unsigned int, uint3, unsigned int, unsigned int, unsigned int, uint3, unsigned int, unsigned int, unsigned int, unsigned int)"
0.5,2873551,2580,1113.8,1120.0,832,1792,92.6,"void k_set_rows<float, long, __half>(const T1 *, const T2 *, T3 *, long, long, long, long, long, long, long, long, long, long, long, long, long, long, uint3, uint3, uint3, uint3, uint3)"
0.1,312479,120,2604.0,2848.0,1024,3840,894.4,"scale_f32(const float *, float *, float, float, long)"
